query,params,expected
siren,,5b7ffc618b4c4169d30727e0
sirene,,5b7ffc618b4c4169d30727e0
entreprise,,5b7ffc618b4c4169d30727e0
entreprises,,5b7ffc618b4c4169d30727e0
siret,,5b7ffc618b4c4169d30727e0
open damir,,54de1e8fc751df388646738b
opendamir,,54de1e8fc751df388646738b
damir,,54de1e8fc751df388646738b
contours départements,,536991b0a3a729239d203d13
emissions polluantes,,53ba4c07a3a729219b7bead3
géofla départements,,536995f5a3a729239d20487f
effectifs police municipale,,5369986ba3a729239d204f55
marchés public bourgogne,,5a0effeac751df5832ded865
Liste gares SNCF,,59593619a3a7291dd09c8238
contours départements français,,536991b0a3a729239d203d13
loi de finance 2016,,5625fba688ee3820e912613c
lolf 2016,,5625fba688ee3820e912613c
formations pas de calais,,53699058a3a729239d2039a3
accidents de la circulation,,536997eaa3a729239d204dfd
accidents de la route,,536997eaa3a729239d204dfd
risque de décès un an après accident,,5630f53b88ee385064531578
COG,,58c984b088ee386cdb1261f3
code officiel géographique,,58c984b088ee386cdb1261f3
contour commune,,53699233a3a729239d203e69
contours communes,,53699233a3a729239d203e69
contour communes,,53699233a3a729239d203e69
code postal,,545b55e1c751df52de9b6045
codes postaux,,545b55e1c751df52de9b6045
prénoms,,5bf42c958b4c4144b0110ce8
association,,58e53811c751df03df38f42d
associations,,58e53811c751df03df38f42d
RNA,,58e53811c751df03df38f42d
,tag=association,58e53811c751df03df38f42d
répertoire des associations,,58e53811c751df03df38f42d
répertoire national des associations,,58e53811c751df03df38f42d
waldec,,58e53811c751df03df38f42d
organismes de formation,,582c8978c751df788ec0bb7e
organisme de formation,,582c8978c751df788ec0bb7e
bibliothèques,,5a4e847cb59508409d014056
annuaire de l'éducation,,5889d03fa3a72974cbf0d5b1
grand débat,,5c5c3236634f4155110aa4ea
vie-publique répertoire,,53699f06a3a729239d20601c
élus,,5c34c4d1634f4173183a64f1
RNE,,5c34c4d1634f4173183a64f1
répertoire des élus,,5c34c4d1634f4173183a64f1
repertoire des elus,,5c34c4d1634f4173183a64f1
ovq,,5ff5e6e99724cb8fff59a5be
baromètre des résultats,,5ff5e6e99724cb8fff59a5be
Liste des administrateurs ministériels des données,,60a518cbcb47626d4cc74bf9
Administrateur ministériel des données,,60a518cbcb47626d4cc74bf9
Liste des AMD,,60a518cbcb47626d4cc74bf9
AMD,,60a518cbcb47626d4cc74bf9
AMDAC,,60a518cbcb47626d4cc74bf9
Liste des AMDAC,,60a518cbcb47626d4cc74bf9
décès,,5de8f397634f4164071119c5
deces,,5de8f397634f4164071119c5
Décès,,5de8f397634f4164071119c5
Deces,,5de8f397634f4164071119c5
personnes décédées,,5de8f397634f4164071119c5
DECES,,5de8f397634f4164071119c5
naissance,,5de8f397634f4164071119c5
vaccination,,6010206e7aa742eb447930f7
covid,,6010206e7aa742eb447930f7
Vaccination,,6010206e7aa742eb447930f7
Covid,,6010206e7aa742eb447930f7
calendrier scolaire,,5889d03ea3a72974cbf0d5b0
Calendrier scolaire,,5889d03ea3a72974cbf0d5b0
vacances scolaires,,5889d03ea3a72974cbf0d5b0
Vacances scolaires,,5889d03ea3a72974cbf0d5b0
vacances,,5889d03ea3a72974cbf0d5b0
Calendrier,,5889d03ea3a72974cbf0d5b0
scolaire,,5889d03ea3a72974cbf0d5b0
calendrier,,5889d03ea3a72974cbf0d5b0
vacances scolaire,,5889d03ea3a72974cbf0d5b0
covid,,5e7e104ace2080d9162b61d8
Covid,,5e7e104ace2080d9162b61d8
covid 19,,5e7e104ace2080d9162b61d8
dvf,,5c4ae55a634f4117716d5656
immobilier,,5c4ae55a634f4117716d5656
Dvf,,5c4ae55a634f4117716d5656
valeur foncière,,5c4ae55a634f4117716d5656
foncier,,5c4ae55a634f4117716d5656
Immobilier,,5c4ae55a634f4117716d5656
Transaction immobilière,,5c4ae55a634f4117716d5656
valeur fonciere,,5c4ae55a634f4117716d5656
rna,,58e53811c751df03df38f42d
Association,,58e53811c751df03df38f42d
Rna,,58e53811c751df03df38f42d
Associations,,58e53811c751df03df38f42d
numéro rna,,58e53811c751df03df38f42d
numero rna,,58e53811c751df03df38f42d
numero RNA,,58e53811c751df03df38f42d
numéro RNA,,58e53811c751df03df38f42d
ASSOCIATION,,58e53811c751df03df38f42d
covid,,5ee9df5003284f565d561278
covid,,5ed117db6c161bd5baf070be
SIRENE,,5b7ffc618b4c4169d30727e0
insee,,5b7ffc618b4c4169d30727e0
SIREN,,5b7ffc618b4c4169d30727e0
Sirene,,5b7ffc618b4c4169d30727e0
SIRET,,5b7ffc618b4c4169d30727e0
Ehpad,,5f69ecb155c43420918410b8
vue d'ensemble,,5f69ecb155c43420918410b8
ehpad,,5f69ecb155c43420918410b8
covid,,5f69ecb155c43420918410b8
Décès en EHPAD : nombre cumulé de décès en EHPAD et EMS (Établissements médico-sociaux,,5f69ecb155c43420918410b8
code postaux,,545b55e1c751df52de9b6045
sitadel,,5a5f4f6c88ee387da4d252a3
permis de construire,,5a5f4f6c88ee387da4d252a3
cadastre,,59b0020ec751df07d5f13bcf
rncp,,5eebbc067a14b6fecc9c9976
rome,,58da857388ee384902e505f5
communes,,53699233a3a729239d203e69
commune,,53699233a3a729239d203e69
contours administratifs,,53699233a3a729239d203e69
découpage communal,,53699233a3a729239d203e69
openstreetmap,,53699233a3a729239d203e69
pci,,58e5924b88ee3802ca255566
PCI vecteur,,58e5924b88ee3802ca255566
Plan cadastral,,58e5924b88ee3802ca255566
qpv,,5a561801c751df42d7fca9b6
dvf,,5cc1b94a634f4165e96436c1
DVF,,5cc1b94a634f4165e96436c1
Dvf,,5cc1b94a634f4165e96436c1
Calendrier scolaire,,54149eb5c751df1dc8fc95e3
vacances,,54149eb5c751df1dc8fc95e3
vacances scolaires,,54149eb5c751df1dc8fc95e3
ban,,5530fbacc751df5ff937dddb
base adresse nationale,,5530fbacc751df5ff937dddb
stocks et livraisons de vaccins,,600aed4bb7a890065a11297e
covid pays monde évolution,,5e5da8356f44412b1755a8f6
rpg,,58d8d8a0c751df17537c66be
RPG,,58d8d8a0c751df17537c66be
registre parcellaire graphique,,58d8d8a0c751df17537c66be
accidents,,53698f4ca3a729239d2036df
onisr,,53698f4ca3a729239d2036df
accident,,53698f4ca3a729239d2036df
population,,53699d0ea3a729239d205b2e
population france,,53699d0ea3a729239d205b2e
Table ciqual,,5369a15fa3a729239d2065b7
ciqual,,5369a15fa3a729239d2065b7
Arcep,,58c98b1888ee38770950152b
arcep,,58c98b1888ee38770950152b
prénom,,5bf42c958b4c4144b0110ce8
prenom,,5bf42c958b4c4144b0110ce8
prenoms,,5bf42c958b4c4144b0110ce8
prénoms de 1900 à 2019,,5bf42c958b4c4144b0110ce8
fichier des prénoms,,5bf42c958b4c4144b0110ce8
Prénoms,,5bf42c958b4c4144b0110ce8
finess,,53699569a3a729239d2046eb
extraction finess,,53699569a3a729239d2046eb
Extraction FINESS,,53699569a3a729239d2046eb
FINESS,,53699569a3a729239d2046eb
Finess,,53699569a3a729239d2046eb
extraction FINESS,,53699569a3a729239d2046eb
EXTRACTION FINESS,,53699569a3a729239d2046eb
Extraction finess,,53699569a3a729239d2046eb
rne,,5c34c4d1634f4173183a64f1
maire,,5c34c4d1634f4173183a64f1
fantoir,,53699580a3a729239d204738
icpe,,5d8da992634f414b1c98117b
seveso,,5d8da992634f414b1c98117b
police municipale,,5369986ba3a729239d204f55
vaccin,,5ff866dbfde012415e1085eb
arcep,,547d8d7ac751df405d090fcb
corine land cover,,5863714388ee3863df3f4e5d
clc,,5863714388ee3863df3f4e5d
films entrées,,5437e88988ee387cb58f5e85
Films entrées,,5437e88988ee387cb58f5e85
films,,5437e88988ee387cb58f5e85
Films,,5437e88988ee387cb58f5e85
film entrées,,5437e88988ee387cb58f5e85
films entrees,,5437e88988ee387cb58f5e85
films entrée,,5437e88988ee387cb58f5e85
film,,5437e88988ee387cb58f5e85
entrées films,,5437e88988ee387cb58f5e85
film entrée,,5437e88988ee387cb58f5e85
Films ayant réalisé plus d'un million d'entrées,,5437e88988ee387cb58f5e85
Films entrée,,5437e88988ee387cb58f5e85
films et entrées,,5437e88988ee387cb58f5e85
Film entrées,,5437e88988ee387cb58f5e85
films ayant réalisé plus d'un million d'entrées,,5437e88988ee387cb58f5e85
films d'entrées,,5437e88988ee387cb58f5e85
films entree,,5437e88988ee387cb58f5e85
Opérations coordonnées par les CROSS,,5b320fa7c751df1d7a4febae
cross,,5b320fa7c751df1d7a4febae
CROSS,,5b320fa7c751df1d7a4febae
opérations coordonnées par les CROSS,,5b320fa7c751df1d7a4febae
opération coordonnées par les CROSS,,5b320fa7c751df1d7a4febae
Opérations  coordonnées par les CROSS,,5b320fa7c751df1d7a4febae
opérations coordonnées par les cross,,5b320fa7c751df1d7a4febae
operations coordonnées par les CROSS,,5b320fa7c751df1d7a4febae
operations coordonnees par les cross,,5b320fa7c751df1d7a4febae
Opération coordonnées par les CROSS,,5b320fa7c751df1d7a4febae
covid,,5e6a3c986f444152b12daadf
Covid,,5e6a3c986f444152b12daadf
bornes,,5448d3e0c751df01f85d0572
Fichier consolidé des Bornes de Recharge pour Véhicules Electriques (IRVE),,5448d3e0c751df01f85d0572
IRVE,,5448d3e0c751df01f85d0572
irve,,5448d3e0c751df01f85d0572
naissance,,61119e097ef4eba7820cd63d
Naissance,,61119e097ef4eba7820cd63d
naissances,,61119e097ef4eba7820cd63d
ephy,,575e9fac88ee38072a640390
